{"cameraMode":{"drawMode":0,"name":"Shaded","section":"Shading Mode"},"sceneLighting":false,"audioPlay":false,"sceneViewState":{"m_AlwaysRefresh":false,"showFog":false,"showSkybox":false,"showFlares":false,"showImageEffects":false,"showParticleSystems":false,"showVisualEffectGraphs":true,"m_FxEnabled":false},"in2DMode":false,"pivot":{"x":0.24186617136001588,"y":1.2335175275802613,"z":-0.9993640780448914},"rotation":{"x":-0.0018277887720614672,"y":-0.9812091588973999,"z":0.008812515996396542,"w":-0.19286520779132844},"size":1.2159072160720826,"orthographic":false}