{"cameraMode":{"drawMode":0,"name":"Shaded","section":"Shading Mode"},"sceneLighting":false,"audioPlay":false,"sceneViewState":{"m_AlwaysRefresh":false,"showFog":false,"showSkybox":false,"showFlares":false,"showImageEffects":false,"showParticleSystems":false,"showVisualEffectGraphs":true,"m_FxEnabled":false},"in2DMode":false,"pivot":{"x":-0.09570646286010742,"y":0.8053091764450073,"z":-0.003697514533996582},"rotation":{"x":0.0009781052358448506,"y":0.9979297518730164,"z":-0.06295360624790192,"w":0.016400843858718873},"size":0.743718683719635,"orthographic":false}